"package","surface","unit","visual_mode","asset","rights_basis","editorial_judgment","sha256"
"AAN-F-001","/exhibitions/clothes-and-cognition/","A claim is not a conclusion.","editorial typography / evidence graphic","editorial typography + evidence structure","RN original typography and evidence design","No decorative substitute: typography or evidence structure communicates this abstract claim more precisely.",""
"AAN-F-001","/exhibitions/clothes-and-cognition/","section 2","editorial typography / evidence graphic","editorial typography + evidence structure","RN original typography and evidence design","No decorative substitute: typography or evidence structure communicates this abstract claim more precisely.",""
"AAN-F-001","/exhibitions/clothes-and-cognition/","A garment is never only a symbol.","real image / evidence graphic","https://images.metmuseum.org/CRDImages/ci/original/DT200606.jpg","Met Open Access / CC0","Use the documentary object at point of relevance; caption its evidentiary limit.",""
"AAN-F-001","/exhibitions/clothes-and-cognition/","What the first study actually claimed","editorial typography / evidence graphic","editorial typography + evidence structure","RN original typography and evidence design","No decorative substitute: typography or evidence structure communicates this abstract claim more precisely.",""
"AAN-F-001","/exhibitions/clothes-and-cognition/","The replication changes the label","editorial typography / evidence graphic","editorial typography + evidence structure","RN original typography and evidence design","No decorative substitute: typography or evidence structure communicates this abstract claim more precisely.",""
"AAN-F-001","/exhibitions/clothes-and-cognition/","Clothes can assign a role without proving that cloth changed the brain.","real image / evidence graphic","https://images.metmuseum.org/CRDImages/aa/original/DT5896.jpg","Met Open Access / CC0","Use the documentary object at point of relevance; caption its evidentiary limit.",""
"AAN-F-001","/exhibitions/clothes-and-cognition/","What the larger literature can—and cannot—rescue","editorial typography / evidence graphic","editorial typography + evidence structure","RN original typography and evidence design","No decorative substitute: typography or evidence structure communicates this abstract claim more precisely.",""
"AAN-F-001","/exhibitions/clothes-and-cognition/","The nervous system is not alone in the room","editorial typography / evidence graphic","editorial typography + evidence structure","RN original typography and evidence design","No decorative substitute: typography or evidence structure communicates this abstract claim more precisely.",""
"AAN-F-001","/exhibitions/clothes-and-cognition/","Can clothes change how you think?","editorial typography / evidence graphic","editorial typography + evidence structure","RN original typography and evidence design","No decorative substitute: typography or evidence structure communicates this abstract claim more precisely.",""
"AAN-F-001","/exhibitions/clothes-and-cognition/","section 10","editorial typography / evidence graphic","editorial typography + evidence structure","RN original typography and evidence design","No decorative substitute: typography or evidence structure communicates this abstract claim more precisely.",""
"AAN-F-001","/exhibitions/clothes-and-cognition/","section 11","editorial typography / evidence graphic","editorial typography + evidence structure","RN original typography and evidence design","No decorative substitute: typography or evidence structure communicates this abstract claim more precisely.",""
"AAN-F-001","instagram carousel","carousel-a-frame-01.png","finished rendered slide","/production-kits/aan-f-001/exports/instagram/carousel-a-frame-01.png","RN publication asset; underlying third-party material governed by package rights ledger","Image-first composition where a qualified documentary object exists; otherwise evidence-led editorial typography. No synthetic imagery.","e52f1e67480a250dd67b9f6fa8ea7acc4beaa8448c61ed0c8084ef952fed7030"
"AAN-F-001","instagram carousel","carousel-a-frame-02.png","finished rendered slide","/production-kits/aan-f-001/exports/instagram/carousel-a-frame-02.png","RN publication asset; underlying third-party material governed by package rights ledger","Image-first composition where a qualified documentary object exists; otherwise evidence-led editorial typography. No synthetic imagery.","f2527d94f34424fc01aa973818e95385ba7bb3e597684bc81395c3f17e913c21"
"AAN-F-001","instagram carousel","carousel-a-frame-03.png","finished rendered slide","/production-kits/aan-f-001/exports/instagram/carousel-a-frame-03.png","RN publication asset; underlying third-party material governed by package rights ledger","Image-first composition where a qualified documentary object exists; otherwise evidence-led editorial typography. No synthetic imagery.","dd68095e69af303b48f229d90c408ec1070873542dc3be114c9269a3c0c602fa"
"AAN-F-001","instagram carousel","carousel-a-frame-04.png","finished rendered slide","/production-kits/aan-f-001/exports/instagram/carousel-a-frame-04.png","RN publication asset; underlying third-party material governed by package rights ledger","Image-first composition where a qualified documentary object exists; otherwise evidence-led editorial typography. No synthetic imagery.","f599e4fb71f973924795b45556e76633ccc9c97f38f90c121406718af72d6d1a"
"AAN-F-001","instagram carousel","carousel-a-frame-05.png","finished rendered slide","/production-kits/aan-f-001/exports/instagram/carousel-a-frame-05.png","RN publication asset; underlying third-party material governed by package rights ledger","Image-first composition where a qualified documentary object exists; otherwise evidence-led editorial typography. No synthetic imagery.","5f76bdde8e2eb6b1c2f5e2480537cc92a2e9751e031114b838009cd87ed7eed7"
"AAN-F-001","instagram carousel","carousel-a-frame-06.png","finished rendered slide","/production-kits/aan-f-001/exports/instagram/carousel-a-frame-06.png","RN publication asset; underlying third-party material governed by package rights ledger","Image-first composition where a qualified documentary object exists; otherwise evidence-led editorial typography. No synthetic imagery.","8f02604755fb2e53a7733775a987bee1fec72c81b720c5199c4b86f5c8f9e652"
"AAN-F-001","instagram carousel","carousel-a-frame-07.png","finished rendered slide","/production-kits/aan-f-001/exports/instagram/carousel-a-frame-07.png","RN publication asset; underlying third-party material governed by package rights ledger","Image-first composition where a qualified documentary object exists; otherwise evidence-led editorial typography. No synthetic imagery.","66d59773a86cbeb2209f80e3e02ca44c4eeb26a665b65bec5ba714c77c0934f1"
"AAN-F-001","instagram carousel","carousel-b-frame-01.png","finished rendered slide","/production-kits/aan-f-001/exports/instagram/carousel-b-frame-01.png","RN publication asset; underlying third-party material governed by package rights ledger","Image-first composition where a qualified documentary object exists; otherwise evidence-led editorial typography. No synthetic imagery.","593f9395f8edf4cfdc2b99a1312a81646d3d8c84f5303c480a23a467a4788e70"
"AAN-F-001","instagram carousel","carousel-b-frame-02.png","finished rendered slide","/production-kits/aan-f-001/exports/instagram/carousel-b-frame-02.png","RN publication asset; underlying third-party material governed by package rights ledger","Image-first composition where a qualified documentary object exists; otherwise evidence-led editorial typography. No synthetic imagery.","5846941c3bec4053e3668071e43064327804bb17e9d611ce5702068a367fac91"
"AAN-F-001","instagram carousel","carousel-b-frame-03.png","finished rendered slide","/production-kits/aan-f-001/exports/instagram/carousel-b-frame-03.png","RN publication asset; underlying third-party material governed by package rights ledger","Image-first composition where a qualified documentary object exists; otherwise evidence-led editorial typography. No synthetic imagery.","7d84a75dc887bd9573da2db9a4255f333c289eb6fc55f5f0e8ead366706b52ea"
"AAN-F-001","instagram carousel","carousel-b-frame-04.png","finished rendered slide","/production-kits/aan-f-001/exports/instagram/carousel-b-frame-04.png","RN publication asset; underlying third-party material governed by package rights ledger","Image-first composition where a qualified documentary object exists; otherwise evidence-led editorial typography. No synthetic imagery.","b07558c107a7671070ea439dc91dfee639df580c278aeaab5a6aeebe9abf9683"
"AAN-F-001","instagram carousel","carousel-b-frame-05.png","finished rendered slide","/production-kits/aan-f-001/exports/instagram/carousel-b-frame-05.png","RN publication asset; underlying third-party material governed by package rights ledger","Image-first composition where a qualified documentary object exists; otherwise evidence-led editorial typography. No synthetic imagery.","db2683d3a0b1e105e9e6faa40cefcfa62ed91cb144f522b7f37b9284d8f57ab6"
"AAN-F-001","instagram carousel","carousel-b-frame-06.png","finished rendered slide","/production-kits/aan-f-001/exports/instagram/carousel-b-frame-06.png","RN publication asset; underlying third-party material governed by package rights ledger","Image-first composition where a qualified documentary object exists; otherwise evidence-led editorial typography. No synthetic imagery.","7be4165d14bfaddf738313d4db391430a2bdcacfde190297315879a02b8c4057"
"AAN-F-001","instagram carousel","carousel-b-frame-07.png","finished rendered slide","/production-kits/aan-f-001/exports/instagram/carousel-b-frame-07.png","RN publication asset; underlying third-party material governed by package rights ledger","Image-first composition where a qualified documentary object exists; otherwise evidence-led editorial typography. No synthetic imagery.","c7864a52eed5671ed4763627ee731204ab41a80cd11032bd3b15f9508217e383"
"AAN-F-002","/exhibitions/outfit-as-armor/","Armor is a feeling before it is a finding.","editorial typography / evidence graphic","editorial typography + evidence structure","RN original typography and evidence design","No decorative substitute: typography or evidence structure communicates this abstract claim more precisely.",""
"AAN-F-002","/exhibitions/outfit-as-armor/","section 2","real image / evidence graphic","https://images.metmuseum.org/CRDImages/aa/original/DP256970.jpg","Met Open Access / CC0","Use the documentary object at point of relevance; caption its evidentiary limit.",""
"AAN-F-002","/exhibitions/outfit-as-armor/","Start with the sentence people actually say","editorial typography / evidence graphic","editorial typography + evidence structure","RN original typography and evidence design","No decorative substitute: typography or evidence structure communicates this abstract claim more precisely.",""
"AAN-F-002","/exhibitions/outfit-as-armor/","Protection changes movement.","real image / evidence graphic","https://images.metmuseum.org/CRDImages/aa/original/DP341737.jpg","Met Open Access / CC0","Use the documentary object at point of relevance; caption its evidentiary limit.",""
"AAN-F-002","/exhibitions/outfit-as-armor/","A second skin can feel like a boundary","editorial typography / evidence graphic","editorial typography + evidence structure","RN original typography and evidence design","No decorative substitute: typography or evidence structure communicates this abstract claim more precisely.",""
"AAN-F-002","/exhibitions/outfit-as-armor/","Dress changes what other people think they see.","real image / evidence graphic","https://images.metmuseum.org/CRDImages/aa/original/DP-22969-001.jpg","Met Open Access / CC0","Use the documentary object at point of relevance; caption its evidentiary limit.",""
"AAN-F-002","/exhibitions/outfit-as-armor/","The mirror can become collaborator—or guard","editorial typography / evidence graphic","editorial typography + evidence structure","RN original typography and evidence design","No decorative substitute: typography or evidence structure communicates this abstract claim more precisely.",""
"AAN-F-002","/exhibitions/outfit-as-armor/","Repetition can teach an outfit what comes next.","real image / evidence graphic","https://images.metmuseum.org/CRDImages/aa/original/DP264123.jpg","Met Open Access / CC0","Use the documentary object at point of relevance; caption its evidentiary limit.",""
"AAN-F-002","/exhibitions/outfit-as-armor/","When armor becomes a cage","editorial typography / evidence graphic","editorial typography + evidence structure","RN original typography and evidence design","No decorative substitute: typography or evidence structure communicates this abstract claim more precisely.",""
"AAN-F-002","/exhibitions/outfit-as-armor/","Why can the right outfit feel like armor?","editorial typography / evidence graphic","editorial typography + evidence structure","RN original typography and evidence design","No decorative substitute: typography or evidence structure communicates this abstract claim more precisely.",""
"AAN-F-002","/exhibitions/outfit-as-armor/","Public learning surfaces","editorial typography / evidence graphic","editorial typography + evidence structure","RN original typography and evidence design","No decorative substitute: typography or evidence structure communicates this abstract claim more precisely.",""
"AAN-F-002","/exhibitions/outfit-as-armor/","section 12","editorial typography / evidence graphic","editorial typography + evidence structure","RN original typography and evidence design","No decorative substitute: typography or evidence structure communicates this abstract claim more precisely.",""
"AAN-F-002","/exhibitions/outfit-as-armor/","section 13","editorial typography / evidence graphic","editorial typography + evidence structure","RN original typography and evidence design","No decorative substitute: typography or evidence structure communicates this abstract claim more precisely.",""
"AAN-F-002","instagram carousel","carousel-a-frame-01.png","finished rendered slide","/production-kits/aan-f-002/exports/instagram/carousel-a-frame-01.png","RN publication asset; underlying third-party material governed by package rights ledger","Image-first composition where a qualified documentary object exists; otherwise evidence-led editorial typography. No synthetic imagery.","89ea9f16f64dffa50de0cb55bbe77692c5c5b04163c954e3e12acea7fe02ec58"
"AAN-F-002","instagram carousel","carousel-a-frame-02.png","finished rendered slide","/production-kits/aan-f-002/exports/instagram/carousel-a-frame-02.png","RN publication asset; underlying third-party material governed by package rights ledger","Image-first composition where a qualified documentary object exists; otherwise evidence-led editorial typography. No synthetic imagery.","b658ed5779f044f37b1d386095bdfa22f7825cc215f21d6c2c323fb90766ddff"
"AAN-F-002","instagram carousel","carousel-a-frame-03.png","finished rendered slide","/production-kits/aan-f-002/exports/instagram/carousel-a-frame-03.png","RN publication asset; underlying third-party material governed by package rights ledger","Image-first composition where a qualified documentary object exists; otherwise evidence-led editorial typography. No synthetic imagery.","03c297745ca4cfcf19b69fac1c25435a386c0d636c81d97490c216b46e73a2f2"
"AAN-F-002","instagram carousel","carousel-a-frame-04.png","finished rendered slide","/production-kits/aan-f-002/exports/instagram/carousel-a-frame-04.png","RN publication asset; underlying third-party material governed by package rights ledger","Image-first composition where a qualified documentary object exists; otherwise evidence-led editorial typography. No synthetic imagery.","fad3465375725fbec2952f769a0901919cd9fee5c05d3d852b439668b1098ea3"
"AAN-F-002","instagram carousel","carousel-a-frame-05.png","finished rendered slide","/production-kits/aan-f-002/exports/instagram/carousel-a-frame-05.png","RN publication asset; underlying third-party material governed by package rights ledger","Image-first composition where a qualified documentary object exists; otherwise evidence-led editorial typography. No synthetic imagery.","f6d779790abeb3630c273132d5fb37bc339a88af776e7f88b746386ffc4b8c42"
"AAN-F-002","instagram carousel","carousel-a-frame-06.png","finished rendered slide","/production-kits/aan-f-002/exports/instagram/carousel-a-frame-06.png","RN publication asset; underlying third-party material governed by package rights ledger","Image-first composition where a qualified documentary object exists; otherwise evidence-led editorial typography. No synthetic imagery.","bf85491dfed2a9d1a9846d1864e59626fa4d9db554331dcb274a4551b1104cd5"
"AAN-F-002","instagram carousel","carousel-a-frame-07.png","finished rendered slide","/production-kits/aan-f-002/exports/instagram/carousel-a-frame-07.png","RN publication asset; underlying third-party material governed by package rights ledger","Image-first composition where a qualified documentary object exists; otherwise evidence-led editorial typography. No synthetic imagery.","b6254f130b55818f64eb9b12eee9148bde1a543a92f351a027c470ff50bdcb18"
"AAN-F-002","instagram carousel","carousel-a-frame-08.png","finished rendered slide","/production-kits/aan-f-002/exports/instagram/carousel-a-frame-08.png","RN publication asset; underlying third-party material governed by package rights ledger","Image-first composition where a qualified documentary object exists; otherwise evidence-led editorial typography. No synthetic imagery.","ef8c92b11de11c2a2b04f274c505470cf573fe50278c1fba5ea263be08a57ad0"
"AAN-F-002","instagram carousel","carousel-b-frame-01.png","finished rendered slide","/production-kits/aan-f-002/exports/instagram/carousel-b-frame-01.png","RN publication asset; underlying third-party material governed by package rights ledger","Image-first composition where a qualified documentary object exists; otherwise evidence-led editorial typography. No synthetic imagery.","ed4665c7c8235f906b1a82e97fe9c69b58bfceb438478b1ef645b09ab74f0f68"
"AAN-F-002","instagram carousel","carousel-b-frame-02.png","finished rendered slide","/production-kits/aan-f-002/exports/instagram/carousel-b-frame-02.png","RN publication asset; underlying third-party material governed by package rights ledger","Image-first composition where a qualified documentary object exists; otherwise evidence-led editorial typography. No synthetic imagery.","9078f5ddd35d4850bdbebc8988eac29ab368aa33b870e84472d81a2496f60a48"
"AAN-F-002","instagram carousel","carousel-b-frame-03.png","finished rendered slide","/production-kits/aan-f-002/exports/instagram/carousel-b-frame-03.png","RN publication asset; underlying third-party material governed by package rights ledger","Image-first composition where a qualified documentary object exists; otherwise evidence-led editorial typography. No synthetic imagery.","ec7e299e05d09d9820e6f27ace38dee27e4644f243491575cb8e067dd48d1320"
"AAN-F-002","instagram carousel","carousel-b-frame-04.png","finished rendered slide","/production-kits/aan-f-002/exports/instagram/carousel-b-frame-04.png","RN publication asset; underlying third-party material governed by package rights ledger","Image-first composition where a qualified documentary object exists; otherwise evidence-led editorial typography. No synthetic imagery.","7eca2e5ff90129f455604831682db2658f4327cf38811ef52371a8a04896bf23"
"AAN-F-002","instagram carousel","carousel-b-frame-05.png","finished rendered slide","/production-kits/aan-f-002/exports/instagram/carousel-b-frame-05.png","RN publication asset; underlying third-party material governed by package rights ledger","Image-first composition where a qualified documentary object exists; otherwise evidence-led editorial typography. No synthetic imagery.","6ccdacfcf813181878df72245f4452e7a0620c049d5a16df792d3027ed5e5675"
"AAN-F-002","instagram carousel","carousel-b-frame-06.png","finished rendered slide","/production-kits/aan-f-002/exports/instagram/carousel-b-frame-06.png","RN publication asset; underlying third-party material governed by package rights ledger","Image-first composition where a qualified documentary object exists; otherwise evidence-led editorial typography. No synthetic imagery.","3f9bdbbd53b9906a7113d5e84a3d26014c2aac1d63ca76ab300654fd13bfa46e"
"AAN-F-002","instagram carousel","carousel-b-frame-07.png","finished rendered slide","/production-kits/aan-f-002/exports/instagram/carousel-b-frame-07.png","RN publication asset; underlying third-party material governed by package rights ledger","Image-first composition where a qualified documentary object exists; otherwise evidence-led editorial typography. No synthetic imagery.","de6215bcba29b20978c932b71aadc7d323da9fef2e3a301ef836b308e24d0c67"
"AAN-F-002","instagram carousel","carousel-b-frame-08.png","finished rendered slide","/production-kits/aan-f-002/exports/instagram/carousel-b-frame-08.png","RN publication asset; underlying third-party material governed by package rights ledger","Image-first composition where a qualified documentary object exists; otherwise evidence-led editorial typography. No synthetic imagery.","5908ebeb37a78add07e1a54da5b0ff54283209e9d8cfd640a626652595ee32b0"
"AAN-F-002","instagram carousel","carousel-b-frame-09.png","finished rendered slide","/production-kits/aan-f-002/exports/instagram/carousel-b-frame-09.png","RN publication asset; underlying third-party material governed by package rights ledger","Image-first composition where a qualified documentary object exists; otherwise evidence-led editorial typography. No synthetic imagery.","bc76e6e4f1d258c372bc35c16ce063a57b88173c72deb9bcb0ebb4db117ea956"
"AAN-F-002","instagram carousel","carousel-b-frame-10.png","finished rendered slide","/production-kits/aan-f-002/exports/instagram/carousel-b-frame-10.png","RN publication asset; underlying third-party material governed by package rights ledger","Image-first composition where a qualified documentary object exists; otherwise evidence-led editorial typography. No synthetic imagery.","434c425bd8a7bc8a63a422684fd0d364c5030002994b1399a0c0575867716706"
"AAN-F-003","/exhibitions/fabric-sensory-world/","Your skin does not read the fiber label.","editorial typography / evidence graphic","editorial typography + evidence structure","RN original typography and evidence design","No decorative substitute: typography or evidence structure communicates this abstract claim more precisely.",""
"AAN-F-003","/exhibitions/fabric-sensory-world/","section 2","real image / evidence graphic","https://images.metmuseum.org/CRDImages/ci/original/DT5639.jpg","Met Open Access / CC0","Use the documentary object at point of relevance; caption its evidentiary limit.",""
"AAN-F-003","/exhibitions/fabric-sensory-world/","Touch is a conversation, not a verdict","editorial typography / evidence graphic","editorial typography + evidence structure","RN original typography and evidence design","No decorative substitute: typography or evidence structure communicates this abstract claim more precisely.",""
"AAN-F-003","/exhibitions/fabric-sensory-world/","Cotton can still scrape, trap, pull or soothe.","real image / evidence graphic","https://images.metmuseum.org/CRDImages/ci/original/1993.35.1a–c_F.jpg","Met Open Access / CC0","Use the documentary object at point of relevance; caption its evidentiary limit.",""
"AAN-F-003","/exhibitions/fabric-sensory-world/","Calming is not a property you can sew into a tag","editorial typography / evidence graphic","editorial typography + evidence structure","RN original typography and evidence design","No decorative substitute: typography or evidence structure communicates this abstract claim more precisely.",""
"AAN-F-003","/exhibitions/fabric-sensory-world/","“Silk” cannot tell you how this dress meets a body.","real image / evidence graphic","https://images.metmuseum.org/CRDImages/ci/original/1980.409.1a-c.jpg","Met Open Access / CC0","Use the documentary object at point of relevance; caption its evidentiary limit.",""
"AAN-F-003","/exhibitions/fabric-sensory-world/","Autistic testimony is evidence, not a stereotype","editorial typography / evidence graphic","editorial typography + evidence structure","RN original typography and evidence design","No decorative substitute: typography or evidence structure communicates this abstract claim more precisely.",""
"AAN-F-003","/exhibitions/fabric-sensory-world/","Unbearable is not an exaggeration.","real image / evidence graphic","https://images.metmuseum.org/CRDImages/ci/original/CT_11049.jpg","Met Open Access / CC0","Use the documentary object at point of relevance; caption its evidentiary limit.",""
"AAN-F-003","/exhibitions/fabric-sensory-world/","Design from variables, not labels","editorial typography / evidence graphic","editorial typography + evidence structure","RN original typography and evidence design","No decorative substitute: typography or evidence structure communicates this abstract claim more precisely.",""
"AAN-F-003","/exhibitions/fabric-sensory-world/","Why can one fabric feel calming and another unbearable?","editorial typography / evidence graphic","editorial typography + evidence structure","RN original typography and evidence design","No decorative substitute: typography or evidence structure communicates this abstract claim more precisely.",""
"AAN-F-003","/exhibitions/fabric-sensory-world/","Public learning surfaces","editorial typography / evidence graphic","editorial typography + evidence structure","RN original typography and evidence design","No decorative substitute: typography or evidence structure communicates this abstract claim more precisely.",""
"AAN-F-003","/exhibitions/fabric-sensory-world/","section 12","editorial typography / evidence graphic","editorial typography + evidence structure","RN original typography and evidence design","No decorative substitute: typography or evidence structure communicates this abstract claim more precisely.",""
"AAN-F-003","/exhibitions/fabric-sensory-world/","section 13","editorial typography / evidence graphic","editorial typography + evidence structure","RN original typography and evidence design","No decorative substitute: typography or evidence structure communicates this abstract claim more precisely.",""
"AAN-F-003","instagram carousel","carousel-a-frame-01.png","finished rendered slide","/production-kits/aan-f-003/exports/instagram/carousel-a-frame-01.png","RN publication asset; underlying third-party material governed by package rights ledger","Image-first composition where a qualified documentary object exists; otherwise evidence-led editorial typography. No synthetic imagery.","4d91fa760be340d9402fe013af94c3b04afdfbe5661a7f7b93121c0967d11b63"
"AAN-F-003","instagram carousel","carousel-a-frame-02.png","finished rendered slide","/production-kits/aan-f-003/exports/instagram/carousel-a-frame-02.png","RN publication asset; underlying third-party material governed by package rights ledger","Image-first composition where a qualified documentary object exists; otherwise evidence-led editorial typography. No synthetic imagery.","03339baffe7ae4c545c413a1ae9343d6acad59845d211274937aafff9bb85910"
"AAN-F-003","instagram carousel","carousel-a-frame-03.png","finished rendered slide","/production-kits/aan-f-003/exports/instagram/carousel-a-frame-03.png","RN publication asset; underlying third-party material governed by package rights ledger","Image-first composition where a qualified documentary object exists; otherwise evidence-led editorial typography. No synthetic imagery.","3ec0208fe2b5b9a3c40ced991f34ab5dc94109539e5c38ed32405eda188b7978"
"AAN-F-003","instagram carousel","carousel-a-frame-04.png","finished rendered slide","/production-kits/aan-f-003/exports/instagram/carousel-a-frame-04.png","RN publication asset; underlying third-party material governed by package rights ledger","Image-first composition where a qualified documentary object exists; otherwise evidence-led editorial typography. No synthetic imagery.","7b080a169c431da3319f9baef70dce9a762c99a19a8bf87c4c0bba3c1b6f0c49"
"AAN-F-003","instagram carousel","carousel-a-frame-05.png","finished rendered slide","/production-kits/aan-f-003/exports/instagram/carousel-a-frame-05.png","RN publication asset; underlying third-party material governed by package rights ledger","Image-first composition where a qualified documentary object exists; otherwise evidence-led editorial typography. No synthetic imagery.","d765dbd9b4a834702fca141d95d4237a11f4455620fdb47bae684c9975f96187"
"AAN-F-003","instagram carousel","carousel-a-frame-06.png","finished rendered slide","/production-kits/aan-f-003/exports/instagram/carousel-a-frame-06.png","RN publication asset; underlying third-party material governed by package rights ledger","Image-first composition where a qualified documentary object exists; otherwise evidence-led editorial typography. No synthetic imagery.","cddfa59aaa8e8a55845a2ea52b8dc470cc135c215c202931bc6a0aab9f35040d"
"AAN-F-003","instagram carousel","carousel-a-frame-07.png","finished rendered slide","/production-kits/aan-f-003/exports/instagram/carousel-a-frame-07.png","RN publication asset; underlying third-party material governed by package rights ledger","Image-first composition where a qualified documentary object exists; otherwise evidence-led editorial typography. No synthetic imagery.","b0e929ed75a54cff8a34ae3f0e7cd0c5d8b54ef274d581f61e2fd4d746ffbbd3"
"AAN-F-003","instagram carousel","carousel-a-frame-08.png","finished rendered slide","/production-kits/aan-f-003/exports/instagram/carousel-a-frame-08.png","RN publication asset; underlying third-party material governed by package rights ledger","Image-first composition where a qualified documentary object exists; otherwise evidence-led editorial typography. No synthetic imagery.","31458cf7885d0d47b621d71e9ac89b6c1bb8045fe68a4d585a832294cf92e2cf"
"AAN-F-003","instagram carousel","carousel-a-frame-09.png","finished rendered slide","/production-kits/aan-f-003/exports/instagram/carousel-a-frame-09.png","RN publication asset; underlying third-party material governed by package rights ledger","Image-first composition where a qualified documentary object exists; otherwise evidence-led editorial typography. No synthetic imagery.","9e4a0f598ca72393e0c4b19d959678a8d7b5614180c5e30031c565273c619ff9"
"AAN-F-003","instagram carousel","carousel-a-frame-10.png","finished rendered slide","/production-kits/aan-f-003/exports/instagram/carousel-a-frame-10.png","RN publication asset; underlying third-party material governed by package rights ledger","Image-first composition where a qualified documentary object exists; otherwise evidence-led editorial typography. No synthetic imagery.","13ed73986dd1c161f488059bb2e4828edfe102eb4896dbbff732084ed3462dac"
"AAN-F-003","instagram carousel","carousel-b-frame-01.png","finished rendered slide","/production-kits/aan-f-003/exports/instagram/carousel-b-frame-01.png","RN publication asset; underlying third-party material governed by package rights ledger","Image-first composition where a qualified documentary object exists; otherwise evidence-led editorial typography. No synthetic imagery.","6d7b1c7068dcb0f44a75b7883973e5021c1156e98727c8005fbac389602554eb"
"AAN-F-003","instagram carousel","carousel-b-frame-02.png","finished rendered slide","/production-kits/aan-f-003/exports/instagram/carousel-b-frame-02.png","RN publication asset; underlying third-party material governed by package rights ledger","Image-first composition where a qualified documentary object exists; otherwise evidence-led editorial typography. No synthetic imagery.","1de5aaa40173e1cbd146f208f3442c65f9a8d50d8e0a62a2f1511a7c915cdf46"
"AAN-F-003","instagram carousel","carousel-b-frame-03.png","finished rendered slide","/production-kits/aan-f-003/exports/instagram/carousel-b-frame-03.png","RN publication asset; underlying third-party material governed by package rights ledger","Image-first composition where a qualified documentary object exists; otherwise evidence-led editorial typography. No synthetic imagery.","f5d4055ee1845a8b93ffd08f3dc1f0322dd162d3e0c21139dcc2dbc1f98f5081"
"AAN-F-003","instagram carousel","carousel-b-frame-04.png","finished rendered slide","/production-kits/aan-f-003/exports/instagram/carousel-b-frame-04.png","RN publication asset; underlying third-party material governed by package rights ledger","Image-first composition where a qualified documentary object exists; otherwise evidence-led editorial typography. No synthetic imagery.","3ed10fe54d0fb9213c92d8f90b1558d46005c6f960b0a7f6ea5fdd5ec9e2a1a2"
"AAN-F-003","instagram carousel","carousel-b-frame-05.png","finished rendered slide","/production-kits/aan-f-003/exports/instagram/carousel-b-frame-05.png","RN publication asset; underlying third-party material governed by package rights ledger","Image-first composition where a qualified documentary object exists; otherwise evidence-led editorial typography. No synthetic imagery.","9c209a3e031db14553cffc652dd520056b00ba45e59c68a896dfedcd8c560df4"
"AAN-F-003","instagram carousel","carousel-b-frame-06.png","finished rendered slide","/production-kits/aan-f-003/exports/instagram/carousel-b-frame-06.png","RN publication asset; underlying third-party material governed by package rights ledger","Image-first composition where a qualified documentary object exists; otherwise evidence-led editorial typography. No synthetic imagery.","dd5ba62440fddb6349a63515e816f0740200444e366f1a285f636c3dea151f24"
"AAN-F-003","instagram carousel","carousel-b-frame-07.png","finished rendered slide","/production-kits/aan-f-003/exports/instagram/carousel-b-frame-07.png","RN publication asset; underlying third-party material governed by package rights ledger","Image-first composition where a qualified documentary object exists; otherwise evidence-led editorial typography. No synthetic imagery.","ba5ec758a0a50100dbd5920c68557dee20f6a340623cefcc76e9a134893b3522"
"AAN-F-003","instagram carousel","carousel-b-frame-08.png","finished rendered slide","/production-kits/aan-f-003/exports/instagram/carousel-b-frame-08.png","RN publication asset; underlying third-party material governed by package rights ledger","Image-first composition where a qualified documentary object exists; otherwise evidence-led editorial typography. No synthetic imagery.","b20ff6efe15b68775f7854e738a4b40455a5470097615abb3c9b185e61f0b03e"
"AAN-F-004","/exhibitions/fashion-nostalgia/","The dress is not the memory. It can be the door.","editorial typography / evidence graphic","editorial typography + evidence structure","RN original typography and evidence design","No decorative substitute: typography or evidence structure communicates this abstract claim more precisely.",""
"AAN-F-004","/exhibitions/fashion-nostalgia/","section 2","real image / evidence graphic","https://images.metmuseum.org/CRDImages/ci/original/DT5639.jpg","Met Open Access / CC0","Use the documentary object at point of relevance; caption its evidentiary limit.",""
"AAN-F-004","/exhibitions/fashion-nostalgia/","A wardrobe is a cue system","editorial typography / evidence graphic","editorial typography + evidence structure","RN original typography and evidence design","No decorative substitute: typography or evidence structure communicates this abstract claim more precisely.",""
"AAN-F-004","/exhibitions/fashion-nostalgia/","Vivid does not mean verbatim.","real image / evidence graphic","https://images.metmuseum.org/CRDImages/ci/original/1993.35.1a–c_F.jpg","Met Open Access / CC0","Use the documentary object at point of relevance; caption its evidentiary limit.",""
"AAN-F-004","/exhibitions/fashion-nostalgia/","The garment rarely arrives alone","editorial typography / evidence graphic","editorial typography + evidence structure","RN original typography and evidence design","No decorative substitute: typography or evidence structure communicates this abstract claim more precisely.",""
"AAN-F-004","/exhibitions/fashion-nostalgia/","A museum dress is a historical witness, not a universal trigger.","real image / evidence graphic","https://images.metmuseum.org/CRDImages/ci/original/1980.409.1a-c.jpg","Met Open Access / CC0","Use the documentary object at point of relevance; caption its evidentiary limit.",""
"AAN-F-004","/exhibitions/fashion-nostalgia/","Personal nostalgia, collective nostalgia and retro marketing","editorial typography / evidence graphic","editorial typography + evidence structure","RN original typography and evidence design","No decorative substitute: typography or evidence structure communicates this abstract claim more precisely.",""
"AAN-F-004","/exhibitions/fashion-nostalgia/","What brain imaging can—and cannot—add","editorial typography / evidence graphic","editorial typography + evidence structure","RN original typography and evidence design","No decorative substitute: typography or evidence structure communicates this abstract claim more precisely.",""
"AAN-F-004","/exhibitions/fashion-nostalgia/","Music and memory","editorial typography / evidence graphic","editorial typography + evidence structure","RN original typography and evidence design","No decorative substitute: typography or evidence structure communicates this abstract claim more precisely.",""
"AAN-F-004","/exhibitions/fashion-nostalgia/","section 10","editorial typography / evidence graphic","editorial typography + evidence structure","RN original typography and evidence design","No decorative substitute: typography or evidence structure communicates this abstract claim more precisely.",""
"AAN-F-004","/exhibitions/fashion-nostalgia/","Fashion nostalgia is a relationship among cue, person, history and present need.","editorial typography / evidence graphic","editorial typography + evidence structure","RN original typography and evidence design","No decorative substitute: typography or evidence structure communicates this abstract claim more precisely.",""
"AAN-F-004","instagram carousel","carousel-a-frame-01.png","finished rendered slide","/production-kits/aan-f-004/exports/instagram/carousel-a-frame-01.png","RN publication asset; underlying third-party material governed by package rights ledger","Image-first composition where a qualified documentary object exists; otherwise evidence-led editorial typography. No synthetic imagery.","c4d497b8a04a472fb1dcab58df48b9666ce23b40270b49a5541bd317febbcba6"
"AAN-F-004","instagram carousel","carousel-a-frame-02.png","finished rendered slide","/production-kits/aan-f-004/exports/instagram/carousel-a-frame-02.png","RN publication asset; underlying third-party material governed by package rights ledger","Image-first composition where a qualified documentary object exists; otherwise evidence-led editorial typography. No synthetic imagery.","0d74633765b8e41a61fec45d939193b5bdc0cc131825e3faa127197408eb5f08"
"AAN-F-004","instagram carousel","carousel-a-frame-03.png","finished rendered slide","/production-kits/aan-f-004/exports/instagram/carousel-a-frame-03.png","RN publication asset; underlying third-party material governed by package rights ledger","Image-first composition where a qualified documentary object exists; otherwise evidence-led editorial typography. No synthetic imagery.","0a90e000ee77ef083c260b5306d2cd5d9a30dfd790d5b846920d2c8352fb42aa"
"AAN-F-004","instagram carousel","carousel-a-frame-04.png","finished rendered slide","/production-kits/aan-f-004/exports/instagram/carousel-a-frame-04.png","RN publication asset; underlying third-party material governed by package rights ledger","Image-first composition where a qualified documentary object exists; otherwise evidence-led editorial typography. No synthetic imagery.","a4a634b277cca00af2fc5f8fd8ca9567ef198813c3f16cba400105eb9f0e0c80"
"AAN-F-004","instagram carousel","carousel-a-frame-05.png","finished rendered slide","/production-kits/aan-f-004/exports/instagram/carousel-a-frame-05.png","RN publication asset; underlying third-party material governed by package rights ledger","Image-first composition where a qualified documentary object exists; otherwise evidence-led editorial typography. No synthetic imagery.","eb5aa4cf6d692cda6519c08c35779744992dc1581d081239b774a9f8b67d5c1a"
"AAN-F-004","instagram carousel","carousel-a-frame-06.png","finished rendered slide","/production-kits/aan-f-004/exports/instagram/carousel-a-frame-06.png","RN publication asset; underlying third-party material governed by package rights ledger","Image-first composition where a qualified documentary object exists; otherwise evidence-led editorial typography. No synthetic imagery.","06c30edb9e5d560cf544574054725143e2606a9f8146758f110978f9c9844a61"
"AAN-F-004","instagram carousel","carousel-a-frame-07.png","finished rendered slide","/production-kits/aan-f-004/exports/instagram/carousel-a-frame-07.png","RN publication asset; underlying third-party material governed by package rights ledger","Image-first composition where a qualified documentary object exists; otherwise evidence-led editorial typography. No synthetic imagery.","ae2fb4f38e01ef437ffa499468da990e7ec4c27da04e97f9400b4e60935c5a59"
"AAN-F-004","instagram carousel","carousel-b-frame-01.png","finished rendered slide","/production-kits/aan-f-004/exports/instagram/carousel-b-frame-01.png","RN publication asset; underlying third-party material governed by package rights ledger","Image-first composition where a qualified documentary object exists; otherwise evidence-led editorial typography. No synthetic imagery.","890cccfaf3ff0c5fa2ad098bb99a7446f4a5136606889022d44f8ddadcb792d5"
"AAN-F-004","instagram carousel","carousel-b-frame-02.png","finished rendered slide","/production-kits/aan-f-004/exports/instagram/carousel-b-frame-02.png","RN publication asset; underlying third-party material governed by package rights ledger","Image-first composition where a qualified documentary object exists; otherwise evidence-led editorial typography. No synthetic imagery.","4b8190d3e815aade9b552eb7ad622c423ced76c5fa4588ea77c8c9e64decbd38"
"AAN-F-004","instagram carousel","carousel-b-frame-03.png","finished rendered slide","/production-kits/aan-f-004/exports/instagram/carousel-b-frame-03.png","RN publication asset; underlying third-party material governed by package rights ledger","Image-first composition where a qualified documentary object exists; otherwise evidence-led editorial typography. No synthetic imagery.","02dcdbcea9e00196a220cabd4a709841b18acb6c182c8ab836307bd5daf5185e"
"AAN-F-004","instagram carousel","carousel-b-frame-04.png","finished rendered slide","/production-kits/aan-f-004/exports/instagram/carousel-b-frame-04.png","RN publication asset; underlying third-party material governed by package rights ledger","Image-first composition where a qualified documentary object exists; otherwise evidence-led editorial typography. No synthetic imagery.","ccb02835d9adfda8b87f73841828e7a21416d639fc6d6bc54b77b47981f5b0bb"
"AAN-F-004","instagram carousel","carousel-b-frame-05.png","finished rendered slide","/production-kits/aan-f-004/exports/instagram/carousel-b-frame-05.png","RN publication asset; underlying third-party material governed by package rights ledger","Image-first composition where a qualified documentary object exists; otherwise evidence-led editorial typography. No synthetic imagery.","a6771b0e66d1cf2cea99ff80968fa27be0b2755704aafeb7e929292a09797f3c"
"AAN-F-004","instagram carousel","carousel-b-frame-06.png","finished rendered slide","/production-kits/aan-f-004/exports/instagram/carousel-b-frame-06.png","RN publication asset; underlying third-party material governed by package rights ledger","Image-first composition where a qualified documentary object exists; otherwise evidence-led editorial typography. No synthetic imagery.","6487f59dffebf5476cb84077c4c35d5f1c0929d5db3dc58e6532a00c56c10a65"
"AAN-F-004","instagram carousel","carousel-b-frame-07.png","finished rendered slide","/production-kits/aan-f-004/exports/instagram/carousel-b-frame-07.png","RN publication asset; underlying third-party material governed by package rights ledger","Image-first composition where a qualified documentary object exists; otherwise evidence-led editorial typography. No synthetic imagery.","9ef3f0444e161285f5827c14294e37b36dd886e77d65d4753c106b202e282f15"
"AAN-F-005","/exhibitions/fashion-week-nervous-system/","Fashion Week is not one stimulus.","editorial typography / evidence graphic","editorial typography + evidence structure","RN original typography and evidence design","No decorative substitute: typography or evidence structure communicates this abstract claim more precisely.",""
"AAN-F-005","/exhibitions/fashion-week-nervous-system/","section 2","editorial typography / evidence graphic","editorial typography + evidence structure","RN original typography and evidence design","No decorative substitute: typography or evidence structure communicates this abstract claim more precisely.",""
"AAN-F-005","/exhibitions/fashion-week-nervous-system/","A runway is a scene, not a dose.","real image / evidence graphic","/production-kits/aan-f-005/media/f-runway-pexels.jpg","RN original typography and evidence design","Use the documentary object at point of relevance; caption its evidentiary limit.",""
"AAN-F-005","/exhibitions/fashion-week-nervous-system/","figure 4","real image / evidence graphic","/media/p005-field-load-score.svg","RN original evidence graphic","Use the documentary object at point of relevance; caption its evidentiary limit.",""
"AAN-F-005","/exhibitions/fashion-week-nervous-system/","section 5","authorized embed","https://www.youtube-nocookie.com/embed/S5dwtat6Wp8","official YouTube privacy-enhanced embed; no derivative","Use the documentary object at point of relevance; caption its evidentiary limit.",""
"AAN-F-005","/exhibitions/fashion-week-nervous-system/","The clock enters the room first","editorial typography / evidence graphic","editorial typography + evidence structure","RN original typography and evidence design","No decorative substitute: typography or evidence structure communicates this abstract claim more precisely.",""
"AAN-F-005","/exhibitions/fashion-week-nervous-system/","Level is not the whole dose.","editorial typography / evidence graphic","editorial typography + evidence structure","RN original typography and evidence design","No decorative substitute: typography or evidence structure communicates this abstract claim more precisely.",""
"AAN-F-005","/exhibitions/fashion-week-nervous-system/","Attention has to choose","editorial typography / evidence graphic","editorial typography + evidence structure","RN original typography and evidence design","No decorative substitute: typography or evidence structure communicates this abstract claim more precisely.",""
"AAN-F-005","/exhibitions/fashion-week-nervous-system/","Backstage intensity is made by labor.","authorized embed","https://www.youtube-nocookie.com/embed/vRJbrfgrAUs","official YouTube privacy-enhanced embed; no derivative","Use the documentary object at point of relevance; caption its evidentiary limit.",""
"AAN-F-005","/exhibitions/fashion-week-nervous-system/","The social room can raise the stakes","editorial typography / evidence graphic","editorial typography + evidence structure","RN original typography and evidence design","No decorative substitute: typography or evidence structure communicates this abstract claim more precisely.",""
"AAN-F-005","/exhibitions/fashion-week-nervous-system/","Feet, posture, heat and transit count","editorial typography / evidence graphic","editorial typography + evidence structure","RN original typography and evidence design","No decorative substitute: typography or evidence structure communicates this abstract claim more precisely.",""
"AAN-F-005","/exhibitions/fashion-week-nervous-system/","Experience the moving room","editorial typography / evidence graphic","editorial typography + evidence structure","RN original typography and evidence design","No decorative substitute: typography or evidence structure communicates this abstract claim more precisely.",""
"AAN-F-005","/exhibitions/fashion-week-nervous-system/","section 13","editorial typography / evidence graphic","editorial typography + evidence structure","RN original typography and evidence design","No decorative substitute: typography or evidence structure communicates this abstract claim more precisely.",""
"AAN-F-005","/exhibitions/fashion-week-nervous-system/","The nervous system responds to conditions, not the Fashion Week label.","editorial typography / evidence graphic","editorial typography + evidence structure","RN original typography and evidence design","No decorative substitute: typography or evidence structure communicates this abstract claim more precisely.",""
"AAN-F-005","instagram carousel","carousel-a-frame-01.png","finished rendered slide","/production-kits/aan-f-005/exports/instagram/carousel-a-frame-01.png","RN publication asset; underlying third-party material governed by package rights ledger","Image-first composition where a qualified documentary object exists; otherwise evidence-led editorial typography. No synthetic imagery.","2fbc48b0392773528488ed3597c26d76cdc0f99569e3b374ee705201af641e45"
"AAN-F-005","instagram carousel","carousel-a-frame-02.png","finished rendered slide","/production-kits/aan-f-005/exports/instagram/carousel-a-frame-02.png","RN publication asset; underlying third-party material governed by package rights ledger","Image-first composition where a qualified documentary object exists; otherwise evidence-led editorial typography. No synthetic imagery.","54f346a33bc15f14055ef30d09311da73baacdd430736d5dbe2824f2a0873781"
"AAN-F-005","instagram carousel","carousel-a-frame-03.png","finished rendered slide","/production-kits/aan-f-005/exports/instagram/carousel-a-frame-03.png","RN publication asset; underlying third-party material governed by package rights ledger","Image-first composition where a qualified documentary object exists; otherwise evidence-led editorial typography. No synthetic imagery.","ff3d93b26a52693e0245fbd8c299d97836991fb09b0378c6ce5ade1f5b2dc961"
"AAN-F-005","instagram carousel","carousel-a-frame-04.png","finished rendered slide","/production-kits/aan-f-005/exports/instagram/carousel-a-frame-04.png","RN publication asset; underlying third-party material governed by package rights ledger","Image-first composition where a qualified documentary object exists; otherwise evidence-led editorial typography. No synthetic imagery.","0c347cc1242c4d2262954a0f5a00195f9e9f0906fe278b8b9e02ac3d6407b5e2"
"AAN-F-005","instagram carousel","carousel-a-frame-05.png","finished rendered slide","/production-kits/aan-f-005/exports/instagram/carousel-a-frame-05.png","RN publication asset; underlying third-party material governed by package rights ledger","Image-first composition where a qualified documentary object exists; otherwise evidence-led editorial typography. No synthetic imagery.","da3df22d2081ebcc6f09f4dd7d73257341283ce3e74c8dae8a50e3ff13bfa6bc"
"AAN-F-005","instagram carousel","carousel-a-frame-06.png","finished rendered slide","/production-kits/aan-f-005/exports/instagram/carousel-a-frame-06.png","RN publication asset; underlying third-party material governed by package rights ledger","Image-first composition where a qualified documentary object exists; otherwise evidence-led editorial typography. No synthetic imagery.","57ccb6ea6505b1090b74f41835ef0fe1cd78241314492724945645581315bb66"
"AAN-F-005","instagram carousel","carousel-a-frame-07.png","finished rendered slide","/production-kits/aan-f-005/exports/instagram/carousel-a-frame-07.png","RN publication asset; underlying third-party material governed by package rights ledger","Image-first composition where a qualified documentary object exists; otherwise evidence-led editorial typography. No synthetic imagery.","2d6c543217cda1750f8e65e3c658103c1ec6711eb34e7a7d69e733fdfa5bfb8c"
"AAN-F-005","instagram carousel","carousel-a-frame-08.png","finished rendered slide","/production-kits/aan-f-005/exports/instagram/carousel-a-frame-08.png","RN publication asset; underlying third-party material governed by package rights ledger","Image-first composition where a qualified documentary object exists; otherwise evidence-led editorial typography. No synthetic imagery.","dc3f75a00eb2585cdf6cec3df257954ac86180cc221ed2e62bed2cbde9281898"
"AAN-F-005","instagram carousel","carousel-a-frame-09.png","finished rendered slide","/production-kits/aan-f-005/exports/instagram/carousel-a-frame-09.png","RN publication asset; underlying third-party material governed by package rights ledger","Image-first composition where a qualified documentary object exists; otherwise evidence-led editorial typography. No synthetic imagery.","33902e0251a0e4a565bf90b70187bca0a4013fdd8ea2346277fdfc8d2f94f60d"
"AAN-F-005","instagram carousel","carousel-b-frame-01.png","finished rendered slide","/production-kits/aan-f-005/exports/instagram/carousel-b-frame-01.png","RN publication asset; underlying third-party material governed by package rights ledger","Image-first composition where a qualified documentary object exists; otherwise evidence-led editorial typography. No synthetic imagery.","61b3b6e1054ad3e0ac42925a9fa706e1a78b092e5bc083ade88809894abbe090"
"AAN-F-005","instagram carousel","carousel-b-frame-02.png","finished rendered slide","/production-kits/aan-f-005/exports/instagram/carousel-b-frame-02.png","RN publication asset; underlying third-party material governed by package rights ledger","Image-first composition where a qualified documentary object exists; otherwise evidence-led editorial typography. No synthetic imagery.","32d4a86d1673a03e2cb7dc4730bf08b7da3ef44c1e085aa36cc938b40a60fbac"
"AAN-F-005","instagram carousel","carousel-b-frame-03.png","finished rendered slide","/production-kits/aan-f-005/exports/instagram/carousel-b-frame-03.png","RN publication asset; underlying third-party material governed by package rights ledger","Image-first composition where a qualified documentary object exists; otherwise evidence-led editorial typography. No synthetic imagery.","9002263b8692b5c8bfe45a8d01c8ab6af5ec6ef0bbb04690b3146aa53c8571da"
"AAN-F-005","instagram carousel","carousel-b-frame-04.png","finished rendered slide","/production-kits/aan-f-005/exports/instagram/carousel-b-frame-04.png","RN publication asset; underlying third-party material governed by package rights ledger","Image-first composition where a qualified documentary object exists; otherwise evidence-led editorial typography. No synthetic imagery.","2fdda3d45721ef1919fe83230527096bb854fb26bd4ef25c878ed3b5881cfb33"
"AAN-F-005","instagram carousel","carousel-b-frame-05.png","finished rendered slide","/production-kits/aan-f-005/exports/instagram/carousel-b-frame-05.png","RN publication asset; underlying third-party material governed by package rights ledger","Image-first composition where a qualified documentary object exists; otherwise evidence-led editorial typography. No synthetic imagery.","caf9f7140457d2916b670d28b1a9a8eb6549d95b5dab46924f94915aebdf3c7c"
"AAN-F-005","instagram carousel","carousel-b-frame-06.png","finished rendered slide","/production-kits/aan-f-005/exports/instagram/carousel-b-frame-06.png","RN publication asset; underlying third-party material governed by package rights ledger","Image-first composition where a qualified documentary object exists; otherwise evidence-led editorial typography. No synthetic imagery.","533c697d28e224f6f9bac267238dbb2536a9fca4cdbf0f00b1a1987dedf959d8"
"AAN-F-005","instagram carousel","carousel-b-frame-07.png","finished rendered slide","/production-kits/aan-f-005/exports/instagram/carousel-b-frame-07.png","RN publication asset; underlying third-party material governed by package rights ledger","Image-first composition where a qualified documentary object exists; otherwise evidence-led editorial typography. No synthetic imagery.","4936292ffaf8f31f5de8cf702d52cc6ed4405f8861ff53cf5f3b26d5c787fde5"
"AAN-F-005","instagram carousel","carousel-b-frame-08.png","finished rendered slide","/production-kits/aan-f-005/exports/instagram/carousel-b-frame-08.png","RN publication asset; underlying third-party material governed by package rights ledger","Image-first composition where a qualified documentary object exists; otherwise evidence-led editorial typography. No synthetic imagery.","3cd065de0afbf173da53ec2e3a91f0d9bb762986a9f9205892743c9554855ce2"
"AAN-F-006","/exhibitions/runway-soundtracks/","The clothes arrive inside a sound world.","editorial typography / evidence graphic","editorial typography + evidence structure","RN original typography and evidence design","No decorative substitute: typography or evidence structure communicates this abstract claim more precisely.",""
"AAN-F-006","/exhibitions/runway-soundtracks/","section 2","editorial typography / evidence graphic","editorial typography + evidence structure","RN original typography and evidence design","No decorative substitute: typography or evidence structure communicates this abstract claim more precisely.",""
"AAN-F-006","/exhibitions/runway-soundtracks/","section 3","authorized embed","https://www.youtube-nocookie.com/embed/WifoAv6AR_I","official YouTube privacy-enhanced embed; no derivative","Use the documentary object at point of relevance; caption its evidentiary limit.",""
"AAN-F-006","/exhibitions/runway-soundtracks/","First, the ear builds a scene","editorial typography / evidence graphic","editorial typography + evidence structure","RN original typography and evidence design","No decorative substitute: typography or evidence structure communicates this abstract claim more precisely.",""
"AAN-F-006","/exhibitions/runway-soundtracks/","A beat offers a forecast.","editorial typography / evidence graphic","editorial typography + evidence structure","RN original typography and evidence design","No decorative substitute: typography or evidence structure communicates this abstract claim more precisely.",""
"AAN-F-006","/exhibitions/runway-soundtracks/","The beat reaches movement systems","editorial typography / evidence graphic","editorial typography + evidence structure","RN original typography and evidence design","No decorative substitute: typography or evidence structure communicates this abstract claim more precisely.",""
"AAN-F-006","/exhibitions/runway-soundtracks/","section 7","real image / evidence graphic","https://images.metmuseum.org/CRDImages/mi/original/215848.jpg","Met Open Access / CC0","Use the documentary object at point of relevance; caption its evidentiary limit.",""
"AAN-F-006","/exhibitions/runway-soundtracks/","Expectation turns sequence into drama","editorial typography / evidence graphic","editorial typography + evidence structure","RN original typography and evidence design","No decorative substitute: typography or evidence structure communicates this abstract claim more precisely.",""
"AAN-F-006","/exhibitions/runway-soundtracks/","Power is fitted, not poured","editorial typography / evidence graphic","editorial typography + evidence structure","RN original typography and evidence design","No decorative substitute: typography or evidence structure communicates this abstract claim more precisely.",""
"AAN-F-006","/exhibitions/runway-soundtracks/","Run the mute test","editorial typography / evidence graphic","editorial typography + evidence structure","RN original typography and evidence design","No decorative substitute: typography or evidence structure communicates this abstract claim more precisely.",""
"AAN-F-006","/exhibitions/runway-soundtracks/","section 11","editorial typography / evidence graphic","editorial typography + evidence structure","RN original typography and evidence design","No decorative substitute: typography or evidence structure communicates this abstract claim more precisely.",""
"AAN-F-006","/exhibitions/runway-soundtracks/","A soundtrack can organize a runway without controlling its people.","editorial typography / evidence graphic","editorial typography + evidence structure","RN original typography and evidence design","No decorative substitute: typography or evidence structure communicates this abstract claim more precisely.",""
"AAN-F-006","instagram carousel","carousel-a-frame-01.png","finished rendered slide","/production-kits/aan-f-006/exports/instagram/carousel-a-frame-01.png","RN publication asset; underlying third-party material governed by package rights ledger","Image-first composition where a qualified documentary object exists; otherwise evidence-led editorial typography. No synthetic imagery.","4a05e27987b8fad252f8fb887f69bebd4abd897383f1e2955cb9a11800807c2f"
"AAN-F-006","instagram carousel","carousel-a-frame-02.png","finished rendered slide","/production-kits/aan-f-006/exports/instagram/carousel-a-frame-02.png","RN publication asset; underlying third-party material governed by package rights ledger","Image-first composition where a qualified documentary object exists; otherwise evidence-led editorial typography. No synthetic imagery.","c5a38fc663623969cb465edbe335dbcee4a249d0339da07a5a52809ff5a63d9a"
"AAN-F-006","instagram carousel","carousel-a-frame-03.png","finished rendered slide","/production-kits/aan-f-006/exports/instagram/carousel-a-frame-03.png","RN publication asset; underlying third-party material governed by package rights ledger","Image-first composition where a qualified documentary object exists; otherwise evidence-led editorial typography. No synthetic imagery.","53cd57e45e52f30b091d7e8fae70f5ba2b4bae204d272bf47956c9714c9dcc1c"
"AAN-F-006","instagram carousel","carousel-a-frame-04.png","finished rendered slide","/production-kits/aan-f-006/exports/instagram/carousel-a-frame-04.png","RN publication asset; underlying third-party material governed by package rights ledger","Image-first composition where a qualified documentary object exists; otherwise evidence-led editorial typography. No synthetic imagery.","76bf4db067358194a6a7cd539269b7723f6a137d560c34f3b153ffd244213504"
"AAN-F-006","instagram carousel","carousel-a-frame-05.png","finished rendered slide","/production-kits/aan-f-006/exports/instagram/carousel-a-frame-05.png","RN publication asset; underlying third-party material governed by package rights ledger","Image-first composition where a qualified documentary object exists; otherwise evidence-led editorial typography. No synthetic imagery.","e8fde7ec2a814b8a693f11d1923e0d6690df8cd88c43770a434506330e3bd516"
"AAN-F-006","instagram carousel","carousel-a-frame-06.png","finished rendered slide","/production-kits/aan-f-006/exports/instagram/carousel-a-frame-06.png","RN publication asset; underlying third-party material governed by package rights ledger","Image-first composition where a qualified documentary object exists; otherwise evidence-led editorial typography. No synthetic imagery.","5004e7e1f2f31c50cc169df980af126ac3f950c873b6d31b2f4d8028e54d9588"
"AAN-F-006","instagram carousel","carousel-a-frame-07.png","finished rendered slide","/production-kits/aan-f-006/exports/instagram/carousel-a-frame-07.png","RN publication asset; underlying third-party material governed by package rights ledger","Image-first composition where a qualified documentary object exists; otherwise evidence-led editorial typography. No synthetic imagery.","31a81433a306eebf610344ce196739a8888882c75d31f5e688a8d05afbb8a3eb"
"AAN-F-006","instagram carousel","carousel-b-frame-01.png","finished rendered slide","/production-kits/aan-f-006/exports/instagram/carousel-b-frame-01.png","RN publication asset; underlying third-party material governed by package rights ledger","Image-first composition where a qualified documentary object exists; otherwise evidence-led editorial typography. No synthetic imagery.","b5a39ec433e0a47e22f0e34f9019531faa23ad257704ed819c9d5900ef6d2003"
"AAN-F-006","instagram carousel","carousel-b-frame-02.png","finished rendered slide","/production-kits/aan-f-006/exports/instagram/carousel-b-frame-02.png","RN publication asset; underlying third-party material governed by package rights ledger","Image-first composition where a qualified documentary object exists; otherwise evidence-led editorial typography. No synthetic imagery.","787e48ccb5a63616df3a601b9e40804a8632b5135dad297864b8ac6d4fa8fa9a"
"AAN-F-006","instagram carousel","carousel-b-frame-03.png","finished rendered slide","/production-kits/aan-f-006/exports/instagram/carousel-b-frame-03.png","RN publication asset; underlying third-party material governed by package rights ledger","Image-first composition where a qualified documentary object exists; otherwise evidence-led editorial typography. No synthetic imagery.","807ab5780629b3b016a65c88b20c160d27fc6f7c7b07bb55c608b58dd551ac0b"
"AAN-F-006","instagram carousel","carousel-b-frame-04.png","finished rendered slide","/production-kits/aan-f-006/exports/instagram/carousel-b-frame-04.png","RN publication asset; underlying third-party material governed by package rights ledger","Image-first composition where a qualified documentary object exists; otherwise evidence-led editorial typography. No synthetic imagery.","92b6618929537cdbdeb4666f1db0e85ca011928ee99935ebed3a02f0de6723f3"
"AAN-F-006","instagram carousel","carousel-b-frame-05.png","finished rendered slide","/production-kits/aan-f-006/exports/instagram/carousel-b-frame-05.png","RN publication asset; underlying third-party material governed by package rights ledger","Image-first composition where a qualified documentary object exists; otherwise evidence-led editorial typography. No synthetic imagery.","b178a315fe9b32069dddef25aa07286f9fe8059e08cb8cd57070276685e8e27a"
"AAN-F-006","instagram carousel","carousel-b-frame-06.png","finished rendered slide","/production-kits/aan-f-006/exports/instagram/carousel-b-frame-06.png","RN publication asset; underlying third-party material governed by package rights ledger","Image-first composition where a qualified documentary object exists; otherwise evidence-led editorial typography. No synthetic imagery.","fe3516bdb305b07a39f239313e2cf74f88a766f98cc4b2e2a33b17d7a6eb083f"
"AAN-F-006","instagram carousel","carousel-b-frame-07.png","finished rendered slide","/production-kits/aan-f-006/exports/instagram/carousel-b-frame-07.png","RN publication asset; underlying third-party material governed by package rights ledger","Image-first composition where a qualified documentary object exists; otherwise evidence-led editorial typography. No synthetic imagery.","ebd607758af2246d3a1af5538ad88d380aa553f8ac88ff71b027485e11b21faf"
"AAN-F-007","/exhibitions/uniforms-and-social-perception/","A uniform is read before its wearer speaks.","editorial typography / evidence graphic","editorial typography + evidence structure","RN original typography and evidence design","No decorative substitute: typography or evidence structure communicates this abstract claim more precisely.",""
"AAN-F-007","/exhibitions/uniforms-and-social-perception/","section 2","editorial typography / evidence graphic","editorial typography + evidence structure","RN original typography and evidence design","No decorative substitute: typography or evidence structure communicates this abstract claim more precisely.",""
"AAN-F-007","/exhibitions/uniforms-and-social-perception/","Silhouette is only the first instruction.","real image / evidence graphic","https://images.metmuseum.org/CRDImages/ci/original/1979.152.54a–cf_F.jpg","Met Open Access / CC0","Use the documentary object at point of relevance; caption its evidentiary limit.",""
"AAN-F-007","/exhibitions/uniforms-and-social-perception/","The observer does not see cloth alone","editorial typography / evidence graphic","editorial typography + evidence structure","RN original typography and evidence design","No decorative substitute: typography or evidence structure communicates this abstract claim more precisely.",""
"AAN-F-007","/exhibitions/uniforms-and-social-perception/","A role becomes quickly readable.","editorial typography / evidence graphic","editorial typography + evidence structure","RN original typography and evidence design","No decorative substitute: typography or evidence structure communicates this abstract claim more precisely.",""
"AAN-F-007","/exhibitions/uniforms-and-social-perception/","For the wearer, a role can become salient","editorial typography / evidence graphic","editorial typography + evidence structure","RN original typography and evidence design","No decorative substitute: typography or evidence structure communicates this abstract claim more precisely.",""
"AAN-F-007","/exhibitions/uniforms-and-social-perception/","section 7","real image / evidence graphic","https://images.metmuseum.org/CRDImages/ci/original/C.I.47.76.1ab_F.jpg","Met Open Access / CC0","Use the documentary object at point of relevance; caption its evidentiary limit.",""
"AAN-F-007","/exhibitions/uniforms-and-social-perception/","A brain image does not reveal a uniform center","editorial typography / evidence graphic","editorial typography + evidence structure","RN original typography and evidence design","No decorative substitute: typography or evidence structure communicates this abstract claim more precisely.",""
"AAN-F-007","/exhibitions/uniforms-and-social-perception/","The institution travels with the clothes","editorial typography / evidence graphic","editorial typography + evidence structure","RN original typography and evidence design","No decorative substitute: typography or evidence structure communicates this abstract claim more precisely.",""
"AAN-F-007","/exhibitions/uniforms-and-social-perception/","Read dress as data","editorial typography / evidence graphic","editorial typography + evidence structure","RN original typography and evidence design","No decorative substitute: typography or evidence structure communicates this abstract claim more precisely.",""
"AAN-F-007","/exhibitions/uniforms-and-social-perception/","section 11","editorial typography / evidence graphic","editorial typography + evidence structure","RN original typography and evidence design","No decorative substitute: typography or evidence structure communicates this abstract claim more precisely.",""
"AAN-F-007","/exhibitions/uniforms-and-social-perception/","Uniforms can organize perception and make roles salient. They do not contain a fixed psychology.","editorial typography / evidence graphic","editorial typography + evidence structure","RN original typography and evidence design","No decorative substitute: typography or evidence structure communicates this abstract claim more precisely.",""
"AAN-F-007","instagram carousel","carousel-a-frame-01.png","finished rendered slide","/production-kits/aan-f-007/exports/instagram/carousel-a-frame-01.png","RN publication asset; underlying third-party material governed by package rights ledger","Image-first composition where a qualified documentary object exists; otherwise evidence-led editorial typography. No synthetic imagery.","6019dcacbbf5cf8fd2ecba96d94854043028a6b03f7391112fa3c67cf13b8c15"
"AAN-F-007","instagram carousel","carousel-a-frame-02.png","finished rendered slide","/production-kits/aan-f-007/exports/instagram/carousel-a-frame-02.png","RN publication asset; underlying third-party material governed by package rights ledger","Image-first composition where a qualified documentary object exists; otherwise evidence-led editorial typography. No synthetic imagery.","aea6df6bf6efdd398528623670ae54321dab59fed9bcd1457efe34fa3c711043"
"AAN-F-007","instagram carousel","carousel-a-frame-03.png","finished rendered slide","/production-kits/aan-f-007/exports/instagram/carousel-a-frame-03.png","RN publication asset; underlying third-party material governed by package rights ledger","Image-first composition where a qualified documentary object exists; otherwise evidence-led editorial typography. No synthetic imagery.","d19f0ece50442037e0cebebb2d93e53e4f47e7def7b86534c1d16555e2b1e5b8"
"AAN-F-007","instagram carousel","carousel-a-frame-04.png","finished rendered slide","/production-kits/aan-f-007/exports/instagram/carousel-a-frame-04.png","RN publication asset; underlying third-party material governed by package rights ledger","Image-first composition where a qualified documentary object exists; otherwise evidence-led editorial typography. No synthetic imagery.","d09b289f70a70e6b2849ee16eab2ee623aca1766cdf2d7f19c332010880f05a7"
"AAN-F-007","instagram carousel","carousel-a-frame-05.png","finished rendered slide","/production-kits/aan-f-007/exports/instagram/carousel-a-frame-05.png","RN publication asset; underlying third-party material governed by package rights ledger","Image-first composition where a qualified documentary object exists; otherwise evidence-led editorial typography. No synthetic imagery.","b0f63f62d4d8ddceca990019375e075aa6950fb3d7090999ae3aa1c8c0ec65da"
"AAN-F-007","instagram carousel","carousel-a-frame-06.png","finished rendered slide","/production-kits/aan-f-007/exports/instagram/carousel-a-frame-06.png","RN publication asset; underlying third-party material governed by package rights ledger","Image-first composition where a qualified documentary object exists; otherwise evidence-led editorial typography. No synthetic imagery.","25a018c954156de6c747ed49bdcaa906b22a8e45f03ff427268c32f744c3a228"
"AAN-F-007","instagram carousel","carousel-a-frame-07.png","finished rendered slide","/production-kits/aan-f-007/exports/instagram/carousel-a-frame-07.png","RN publication asset; underlying third-party material governed by package rights ledger","Image-first composition where a qualified documentary object exists; otherwise evidence-led editorial typography. No synthetic imagery.","2d3e986f0d0b4fbd6ee39035b88db66d111a236926b6760f912d7a76d2148306"
"AAN-F-007","instagram carousel","carousel-b-frame-01.png","finished rendered slide","/production-kits/aan-f-007/exports/instagram/carousel-b-frame-01.png","RN publication asset; underlying third-party material governed by package rights ledger","Image-first composition where a qualified documentary object exists; otherwise evidence-led editorial typography. No synthetic imagery.","7986ef2c948f006c5c21b5a70885ad8dd4523b8e505a1507a8c28ac2f2cc9bde"
"AAN-F-007","instagram carousel","carousel-b-frame-02.png","finished rendered slide","/production-kits/aan-f-007/exports/instagram/carousel-b-frame-02.png","RN publication asset; underlying third-party material governed by package rights ledger","Image-first composition where a qualified documentary object exists; otherwise evidence-led editorial typography. No synthetic imagery.","7995fd7d2068ebf0ac6f843499e362eca7c942c0cd6523142d24213ad5f54163"
"AAN-F-007","instagram carousel","carousel-b-frame-03.png","finished rendered slide","/production-kits/aan-f-007/exports/instagram/carousel-b-frame-03.png","RN publication asset; underlying third-party material governed by package rights ledger","Image-first composition where a qualified documentary object exists; otherwise evidence-led editorial typography. No synthetic imagery.","53c15a498229a7fd968e1f1bdeb458494e45e9fd92e7651d7f84a856d5c8a6d0"
"AAN-F-007","instagram carousel","carousel-b-frame-04.png","finished rendered slide","/production-kits/aan-f-007/exports/instagram/carousel-b-frame-04.png","RN publication asset; underlying third-party material governed by package rights ledger","Image-first composition where a qualified documentary object exists; otherwise evidence-led editorial typography. No synthetic imagery.","46bcfddba5a4a2858bacb0dad24993dcf4edb2fe3522f07f6909ef45b3a19c3e"
"AAN-F-007","instagram carousel","carousel-b-frame-05.png","finished rendered slide","/production-kits/aan-f-007/exports/instagram/carousel-b-frame-05.png","RN publication asset; underlying third-party material governed by package rights ledger","Image-first composition where a qualified documentary object exists; otherwise evidence-led editorial typography. No synthetic imagery.","4b6501520152c4aefe6d33d5776a7fd5d14c259b2071feefec3079f41b51870f"
"AAN-F-007","instagram carousel","carousel-b-frame-06.png","finished rendered slide","/production-kits/aan-f-007/exports/instagram/carousel-b-frame-06.png","RN publication asset; underlying third-party material governed by package rights ledger","Image-first composition where a qualified documentary object exists; otherwise evidence-led editorial typography. No synthetic imagery.","1714bddc159750b2f40cc122e66645e21c196ecfbfb72f2b9ef8cf9998bee1d8"
"AAN-F-007","instagram carousel","carousel-b-frame-07.png","finished rendered slide","/production-kits/aan-f-007/exports/instagram/carousel-b-frame-07.png","RN publication asset; underlying third-party material governed by package rights ledger","Image-first composition where a qualified documentary object exists; otherwise evidence-led editorial typography. No synthetic imagery.","d3863a9e608fb670a5c6baf90c0f737e6322cf302e0745eed1f0077ad7641087"
